0382f437-2490-406f-b7fc-b1b3c7fea6c4.json,f4d7c8e5-ec5f-461b-9990-73611bfb2e69
44e3989d-7ea8-4a79-a405-cd5950e66a52.json,f4d7c8e5-ec5f-461b-9990-73611bfb2e69
52f99b2a-f333-4731-8f93-3f7006e2ebc9.json,f4d7c8e5-ec5f-461b-9990-73611bfb2e69
5e3e79aa-097e-467c-a6ca-0cda8c07d50d.json,f4d7c8e5-ec5f-461b-9990-73611bfb2e69
916ed5ff-31ac-4726-9a18-ee3c1631a5f8.json,f4d7c8e5-ec5f-461b-9990-73611bfb2e69
a1fa031e-d631-404e-bcf7-0b81ca20edd3.json,f4d7c8e5-ec5f-461b-9990-73611bfb2e69
d3955040-ab4b-4aed-90d5-b75a03ee16a7.json,f4d7c8e5-ec5f-461b-9990-73611bfb2e69
222f1696-9910-423b-aa08-2b717168f895.json,f4d7c8e5-ec5f-461b-9990-73611bfb2e69
58ea73d4-0641-45ff-9e16-f9299672ec18.json,f4d7c8e5-ec5f-461b-9990-73611bfb2e69
afb2a621-98ae-4dc6-94d9-011093bdfabe.json,f4d7c8e5-ec5f-461b-9990-73611bfb2e69
b6b87f65-23f7-4b10-a910-df8a1cbc18c2.json,f4d7c8e5-ec5f-461b-9990-73611bfb2e69
5e50849c-749d-494a-ba48-655d3cce02a3.json,f4d7c8e5-ec5f-461b-9990-73611bfb2e69
0386d4cf-00e0-4ddc-aa48-12aa349a586f.json,f4d7c8e5-ec5f-461b-9990-73611bfb2e69
43a22f2c-3845-43dc-aea5-6ff21827ed9a.json,f4d7c8e5-ec5f-461b-9990-73611bfb2e69
e8e90b4a-e311-407d-aa2a-c64d4d45e596.json,f4d7c8e5-ec5f-461b-9990-73611bfb2e69
2e7e112e-d8f7-4627-b6d5-d111660fa1e9.json,f4d7c8e5-ec5f-461b-9990-73611bfb2e69
31b462dd-80bf-44f9-8865-1867d459132f.json,f4d7c8e5-ec5f-461b-9990-73611bfb2e69
5e7ef98a-3355-4d00-b0f5-3a8d128c8f46.json,f4d7c8e5-ec5f-461b-9990-73611bfb2e69
bbf79b60-8fef-438e-b85b-3a508f8e631e.json,f4d7c8e5-ec5f-461b-9990-73611bfb2e69
014a2bb7-dc8d-438d-87d1-e7fa11590899.json,f4d7c8e5-ec5f-461b-9990-73611bfb2e69
56393362-e91f-4b91-8b51-c12fbeb23868.json,f4d7c8e5-ec5f-461b-9990-73611bfb2e69
689304d1-053d-4b70-9d54-f1887b3b74d0.json,f4d7c8e5-ec5f-461b-9990-73611bfb2e69
f11d6eb4-e07e-4ab4-841c-32e43206decf.json,f4d7c8e5-ec5f-461b-9990-73611bfb2e69
e04375bf-cae1-4f1e-b6a9-59d9bc8943fa.json,f4d7c8e5-ec5f-461b-9990-73611bfb2e69
7fe69e06-9d77-4cf5-b087-11aaabf03fda.json,f4d7c8e5-ec5f-461b-9990-73611bfb2e69
d000b1a3-62df-4989-825b-29f1a038075c.json,f4d7c8e5-ec5f-461b-9990-73611bfb2e69
15bdcab8-edc9-4b8f-b24b-fc82b7ebf881.json,f4d7c8e5-ec5f-461b-9990-73611bfb2e69
af5109d7-b325-4ab1-87da-b4f20b5306b9.json,f4d7c8e5-ec5f-461b-9990-73611bfb2e69
d235ae99-bbb3-4ac8-a8b5-7ea88c1011ef.json,f4d7c8e5-ec5f-461b-9990-73611bfb2e69
cab89f44-b50e-413a-aff8-51bbff2036b5.json,f4d7c8e5-ec5f-461b-9990-73611bfb2e69
d2bb3dc5-1d50-41b2-91dd-569d3ecf0e35.json,f4d7c8e5-ec5f-461b-9990-73611bfb2e69
c1ba2b2e-776e-4c0d-b615-5ae498dcc8c6.json,f4d7c8e5-ec5f-461b-9990-73611bfb2e69