unitId,unitDisplayId
006f26d3-f075-4326-b75e-c491f7aceadb,1_2477
0083d7fe-6863-41d0-acec-af6aae2336da,1_6492
00ba00e2-701f-4d49-b18c-a63064e3d60e,1_9561
0105b338-5359-466f-ad33-032f12a31da8,1_4432
0118eab8-5ca4-417b-9883-418dbf1d5317,1_2519
011d94ca-f232-4eef-9d13-df94120459a2,1_7053
017d7879-0201-4bf3-aa73-f0cc95b60b1e,1_4896
01e296bf-7aa4-4ece-a1e0-6970add29eee,1_8060
0231dd65-caab-4015-853c-5940cef0ccaa,1_9936
0288cd9f-5e58-4e69-847c-1dbcb8bd951f,1_6520
02946463-79ec-4c94-a866-c1b3cad43419,1_9821
029a8f5b-7e4c-4af1-b025-b075884851e4,1_6913
02b7f885-22dd-4bbf-926a-e2b59cab7aa7,1_9898
03344358-92c2-4070-b65a-634b72d0a931,1_7877
03bcd64d-bb00-4a63-a403-5d0945b06b90,1_5015
03d24f0c-c4c8-476e-981a-49e66bd7c594,1_8546
03dc22f7-58db-40b5-92d7-90ef4cd1d10c,1_9537
03ee9f71-cab5-4185-8091-0480fa2a5468,1_414
03fe7559-59fb-4d24-bdf7-f74b5e8fab4b,1_11377
043b87c3-425e-4537-8ba5-224dff584363,1_9636
0442ced5-d22d-4e20-97d6-2dba737c7fb1,1_11371
046d8608-cc49-4e91-ab3d-5c0fa92b6673,1_6494
04c31258-72e5-48f6-99ed-db71a27a7835,1_8982
04d2db8c-9e83-4ae1-b3eb-5570d19c0661,1_1166
04d7d5a4-228f-4659-b142-65eef3c912a7,1_13795
04f22587-b159-4eeb-ba41-0481fb40a35f,1_2907
055c7628-0391-422c-939c-7e0e1466bf5f,1_8379
057678b0-1409-4a33-abd6-04336b2d60cc,1_3080
0581b8bc-93bc-4054-a684-fb9d6255ed23,1_13441
05a78aad-467d-4356-b5da-df6825f7b028,1_12591
06578429-488a-48fc-a312-53ce26581b09,1_11572
06796f62-827e-4a52-b130-4e88b61c53d5,1_12281
06a84d6d-fc77-479f-8ff3-15ee95038dd0,1_1354
06e3db02-7cdf-4442-a30d-fae1f50688b1,1_790
06eedbaf-1685-4545-a9b4-6e7f765fd0c6,1_11961
071c0b31-c12c-4ef3-93d3-26fa60404cd5,1_89
0770a5dd-c4ac-467d-af4e-09f17ced5431,1_4882
08163957-ff34-4867-be77-9f6668423167,1_3584
0819be8d-739d-4831-b753-8a57362910ef,1_6764
08efe6ab-a47c-4623-aefe-5fa820cfc8ee,1_7370
08ff6ab8-01e0-4a09-8425-2e3ff86eb750,1_5960
090c0afa-c741-40ca-a692-37b78213110c,1_2716
0929a948-2b53-4604-b4fa-d29320924d10,1_11311
096bffa1-0b98-4c7c-a188-182922a7859d,1_8953
09a712a0-09af-45af-9a07-4ab52a47443f,1_10866
09e473ca-8e8f-4a9b-998f-152a453ceabd,1_671
09e7f94a-a76b-4aaa-81c2-05bfce48dcf5,1_8033
0a14346e-64d8-4239-9014-984ace4b5415,1_5694
0a2f7f4f-acd3-45aa-a4aa-531b6da60fc4,1_1474
0a47d3d3-04d9-4206-8498-a9c13997688a,1_11459
0b0fac49-99c6-47c7-a4d6-aec160d4d259,1_10641
0b20e24d-0526-49c8-ac06-352850b80dba,1_7354
0b22805d-0391-49b6-a2c9-0e3588e2749e,1_1140
0b6e294a-5bbb-4a69-8e3d-e782710220e2,1_9483
0b94a269-525c-4bde-b1fb-0a4ac2dc9310,1_3173
0ba04aa7-6328-418f-8ae4-108a1309efa0,1_3441
0bb09fa3-d374-465b-9e4e-18d3eb4373bd,1_525
0bb24830-525a-4a72-aaeb-c246e2f81fb2,1_2387
0be19867-281b-4533-a6cf-779691ca921c,1_3711
0c120baa-89ba-4e8d-b838-0a9dd8130148,1_3924
0cc38643-428a-4920-b950-84f25afc81f1,1_11092
0cf4e218-1b49-4360-892e-bf9003b14eee,1_13831
0d148473-adac-4421-b2d0-0d0d7a5ebad5,1_4508
0d1f0a24-7b65-494b-ab15-afb52be4e10f,1_799
0d341d54-ba66-4a6c-b270-50640e8daf9e,1_5382
